aX,aY,aZ,gX,gY,gZ
-1.414,-0.373,0.814,69.092,-40.100,39.246
-1.478,-0.387,0.799,80.261,-42.908,43.762
-1.492,-0.436,0.768,92.712,-46.448,48.157
-1.494,-0.476,0.695,101.624,-48.523,50.232
-1.510,-0.500,0.557,106.812,-47.852,52.246
-1.556,-0.541,0.389,109.924,-46.082,54.504
-1.620,-0.622,0.263,112.610,-41.382,55.847
-1.665,-0.689,0.226,116.516,-30.762,58.411
-1.658,-0.725,0.242,121.155,-16.418,61.584
-1.573,-0.733,0.228,122.864,-4.272,62.195
-1.383,-0.718,0.152,118.164,3.113,58.411
-1.199,-0.673,0.005,107.910,2.563,54.016
-1.019,-0.623,-0.188,97.473,1.770,49.438
-0.846,-0.559,-0.358,90.942,6.836,46.082
-0.651,-0.504,-0.444,94.360,16.418,45.654
-0.418,-0.450,-0.453,103.455,32.776,45.837
-0.156,-0.336,-0.399,109.680,53.101,47.119
0.138,-0.192,-0.292,110.718,72.205,50.537
0.477,-0.043,-0.167,106.201,85.938,56.885
0.892,0.083,-0.042,96.924,92.163,65.369
1.288,0.243,0.030,77.698,96.741,73.120
1.605,0.344,0.033,47.241,106.934,76.294
1.958,0.379,0.016,15.015,123.108,78.674
2.271,0.324,0.100,-10.498,145.447,83.130
2.502,0.269,0.340,-33.447,178.406,83.130
2.655,0.349,0.731,-51.758,216.309,79.163
2.708,0.500,1.304,-54.260,249.268,76.721
2.526,0.424,1.947,-31.799,274.719,81.177
2.118,0.085,2.578,17.334,289.490,90.881
1.523,-0.440,3.232,84.900,296.326,98.755
0.858,-0.943,3.871,144.104,297.852,93.872
0.285,-1.093,4.000,165.283,292.419,68.420
0.282,-0.745,4.000,137.207,279.846,30.701
0.730,-0.290,3.995,77.698,225.037,-9.949
1.037,-0.122,3.002,13.489,101.135,-30.457
0.981,-0.202,1.725,-39.673,-52.368,-31.494
0.877,-0.304,0.687,-78.186,-159.058,-23.010
0.799,-0.337,0.038,-82.275,-198.792,-11.292
0.769,-0.405,-0.113,-43.396,-191.833,-1.221
0.796,-0.515,0.072,17.761,-162.720,5.493
0.808,-0.581,0.376,72.388,-130.615,8.667
0.848,-0.593,0.535,102.661,-102.173,7.874
1.015,-0.566,0.568,110.962,-87.097,4.578
1.117,-0.443,0.683,103.577,-103.699,1.526
1.019,-0.405,0.734,80.505,-145.020,3.052
0.960,-0.483,0.646,47.729,-182.800,4.761
0.895,-0.591,0.506,17.029,-191.895,2.930
0.849,-0.658,0.360,-0.610,-171.753,-2.930
0.786,-0.670,0.332,1.221,-142.639,-10.132
0.659,-0.608,0.408,17.456,-115.723,-18.494
0.565,-0.448,0.513,38.574,-91.125,-23.560
0.475,-0.323,0.647,59.875,-70.190,-22.949
0.421,-0.314,0.731,72.083,-53.040,-19.043
0.450,-0.363,0.750,69.946,-43.457,-14.343
0.449,-0.453,0.756,57.251,-38.940,-10.437
0.411,-0.589,0.759,39.612,-36.621,-9.033
0.364,-0.721,0.707,23.071,-32.837,-12.390
0.182,-0.837,0.623,13.977,-28.625,-18.311
0.212,-0.851,0.558,11.353,-18.127,-28.198
0.147,-0.775,0.512,13.977,-26.062,-33.875
0.027,-0.661,0.490,24.353,-41.992,-34.607
-0.017,-0.543,0.477,34.485,-41.687,-33.081
-0.023,-0.465,0.484,37.659,-35.706,-31.616
-0.066,-0.420,0.465,32.227,-33.203,-29.846
-0.118,-0.421,0.436,22.095,-29.968,-27.954
-0.191,-0.494,0.397,11.230,-27.283,-27.222
-0.245,-0.584,0.353,2.502,-26.672,-28.015
-0.304,-0.621,0.316,-3.357,-27.893,-29.297
-0.360,-0.625,0.308,-5.554,-26.245,-30.396
-0.413,-0.585,0.348,-4.272,-21.790,-30.701
-0.504,-0.571,0.379,0.366,-28.992,-27.283
-0.550,-0.588,0.391,1.953,-30.518,-25.330
-0.558,-0.619,0.426,-4.028,-25.818,-24.170
-0.599,-0.636,0.457,-14.038,-28.503,-21.851
-0.636,-0.640,0.422,-21.667,-32.959,-18.738
-0.648,-0.670,0.378,-25.452,-31.860,-16.357
-0.688,-0.722,0.368,-27.283,-27.710,-14.099
-0.716,-0.767,0.367,-27.466,-21.423,-12.634
-0.714,-0.760,0.392,-26.428,-13.184,-11.597
-0.724,-0.743,0.473,-22.888,-6.409,-9.155
-0.737,-0.758,0.576,-17.822,-0.732,-5.920
-0.720,-0.785,0.670,-13.245,7.446,-4.517
-0.627,-0.763,0.676,-14.465,14.771,-7.751
-0.610,-0.717,0.618,-22.095,18.799,-12.695
-0.629,-0.713,0.581,-29.297,23.010,-15.991
-0.647,-0.718,0.562,-33.630,24.353,-17.090
-0.647,-0.747,0.544,-34.546,26.123,-13.977
-0.640,-0.825,0.536,-31.555,29.297,-9.216
-0.634,-0.894,0.560,-24.658,31.128,-4.822
-0.589,-0.934,0.621,-14.526,33.630,-2.319
-0.520,-0.939,0.748,-5.859,35.583,-1.892
-0.528,-0.985,0.843,-0.427,33.569,-3.967
-0.409,-0.910,0.897,-0.854,28.015,-10.498
-0.419,-0.815,0.880,-5.676,1.953,-10.986
-0.489,-0.759,0.801,-10.010,-20.935,-13.550
-0.450,-0.742,0.721,-13.245,-19.104,-16.602
-0.390,-0.711,0.680,-13.184,-18.250,-16.724
-0.383,-0.677,0.667,-9.521,-27.466,-13.428
-0.393,-0.677,0.677,-4.456,-34.485,-9.583
-0.439,-0.716,0.679,1.221,-38.269,-5.554
-0.443,-0.759,0.673,5.310,-32.288,-4.883
-0.405,-0.755,0.673,7.446,-20.325,-6.287
-0.403,-0.730,0.676,9.338,-14.893,-6.958
-0.402,-0.717,0.677,10.803,-13.550,-7.263
-0.398,-0.723,0.667,10.620,-13.367,-7.446
-0.382,-0.732,0.637,9.216,-16.602,-7.812
-0.393,-0.723,0.601,8.179,-20.203,-8.301
-0.389,-0.704,0.582,8.545,-18.860,-8.118
-0.383,-0.678,0.577,11.047,-13.000,-6.775
-0.368,-0.646,0.583,14.465,-7.507,-4.761
-0.364,-0.613,0.605,17.090,-7.385,-2.991
-0.372,-0.593,0.656,19.104,-9.338,-0.732
-0.380,-0.594,0.693,19.287,-8.667,0.793
-0.356,-0.601,0.704,17.456,-5.005,0.488
-0.344,-0.601,0.716,15.381,-2.808,0.305
-0.344,-0.613,0.712,13.062,-3.174,0.366
-0.336,-0.612,0.698,10.071,-4.578,-0.122
-0.337,-0.620,0.679,7.629,-5.981,-0.488
-0.328,-0.628,0.663,6.531,-7.141,-0.854
2.318,-0.185,0.812,-53.284,299.072,53.589
2.467,-0.269,1.416,-62.866,326.904,49.988
2.204,-0.321,1.879,-80.872,302.368,45.776
1.892,-0.442,2.282,-92.346,295.410,43.518
1.490,-0.616,2.726,-93.018,298.767,36.682
1.012,-0.786,3.194,-85.693,293.579,27.893
0.687,-0.984,3.666,-71.472,273.804,20.203
0.587,-1.142,3.991,-55.725,228.760,13.428
0.658,-1.151,3.848,-44.373,159.363,4.578
0.840,-1.098,3.021,-30.518,66.650,-5.859
0.915,-1.016,1.860,-8.362,-41.809,-14.221
0.858,-0.967,0.823,23.499,-132.080,-19.592
0.772,-0.980,0.130,57.800,-178.650,-22.583
0.761,-0.995,-0.119,81.848,-175.598,-28.748
0.755,-1.051,-0.070,92.163,-153.076,-34.241
0.817,-1.089,0.032,87.524,-129.761,-39.734
0.886,-1.086,0.113,70.190,-110.901,-43.945
0.955,-1.042,0.143,42.969,-98.999,-49.988
1.024,-0.957,0.124,10.498,-100.098,-57.251
1.055,-0.840,0.094,-18.433,-115.234,-61.218
1.019,-0.689,0.131,-37.415,-134.766,-62.073
0.912,-0.581,0.186,-45.471,-150.330,-60.486
0.713,-0.555,0.129,-45.715,-155.457,-58.044
0.631,-0.619,0.071,-36.865,-148.499,-59.143
0.561,-0.642,0.005,-21.790,-128.723,-58.899
0.516,-0.673,-0.007,-4.089,-100.098,-54.443
0.453,-0.726,0.018,12.207,-76.965,-50.720
0.333,-0.818,0.061,24.963,-60.852,-48.340
0.206,-0.932,0.095,32.227,-41.016,-50.232
0.133,-1.005,0.134,32.166,-17.761,-54.993
0.050,-1.025,0.202,26.367,-4.333,-60.669
0.013,-0.949,0.259,15.015,1.282,-65.918
0.010,-0.855,0.318,0.305,9.460,-67.261
0.034,-0.816,0.360,-16.846,15.930,-66.406
0.037,-0.823,0.376,-31.799,16.846,-63.721
-0.036,-0.895,0.399,-42.114,15.503,-61.340
-0.111,-0.956,0.395,-47.913,16.296,-64.514
-0.114,-0.900,0.358,-50.842,24.963,-69.763
-0.132,-0.808,0.352,-48.767,21.606,-71.167
-0.141,-0.712,0.414,-42.908,6.348,-71.228
-0.310,-0.584,0.402,-36.987,-11.780,-65.979
-0.254,-0.605,0.408,-30.029,-3.235,-63.293
-0.161,-0.587,0.413,-35.522,13.428,-65.369
-0.179,-0.551,0.437,-42.297,9.766,-63.538
-0.293,-0.557,0.467,-45.715,-3.296,-60.730
-0.401,-0.591,0.459,-46.875,-10.681,-59.692
-0.454,-0.587,0.418,-47.363,-5.981,-58.472
-0.501,-0.571,0.434,-45.349,4.395,-56.580
-0.551,-0.583,0.511,-40.344,13.062,-54.260
-0.568,-0.581,0.559,-34.851,17.151,-52.002
-0.560,-0.563,0.577,-29.358,18.005,-49.377
-0.559,-0.580,0.598,-23.315,15.686,-46.997
-0.541,-0.595,0.593,-18.555,11.353,-46.387
-0.520,-0.590,0.584,-16.235,9.521,-45.837
-0.524,-0.584,0.589,-15.564,9.705,-45.044
-0.545,-0.587,0.571,-16.479,9.399,-44.678
-0.562,-0.574,0.537,-18.005,8.118,-44.250
-0.561,-0.526,0.516,-18.921,7.446,-42.480
-0.547,-0.470,0.554,-17.761,8.118,-38.391
-0.581,-0.457,0.695,-14.221,9.521,-32.593
-0.606,-0.490,0.828,-11.047,10.437,-28.015
-0.577,-0.524,0.889,-9.338,7.019,-25.818
-0.599,-0.561,0.881,-8.972,-0.854,-24.353
-0.625,-0.619,0.782,-7.874,-9.338,-24.780
-0.613,-0.659,0.628,-4.333,-17.151,-26.794
-0.628,-0.678,0.524,2.563,-22.217,-27.710
-0.660,-0.694,0.500,10.498,-23.254,-28.748
-0.664,-0.678,0.508,15.625,-20.447,-31.555
-0.685,-0.633,0.537,16.846,-18.005,-33.752
-0.737,-0.574,0.568,14.954,-18.005,-34.119
-0.728,-0.574,0.612,9.827,-18.616,-32.410
-0.729,-0.583,0.603,0.488,-21.973,-30.396
-0.731,-0.561,0.545,-9.399,-24.292,-27.832
-0.735,-0.542,0.496,-14.709,-22.400,-24.536
-0.731,-0.542,0.473,-15.869,-20.264,-20.569
-0.728,-0.531,0.471,-15.625,-17.700,-17.029
-0.727,-0.506,0.507,-13.611,-14.587,-12.268
-0.726,-0.504,0.572,-10.071,-12.085,-7.019
-0.716,-0.538,0.639,-6.226,-12.085,-2.441
-0.711,-0.594,0.680,-4.700,-14.709,1.099
-0.693,-0.635,0.672,-5.249,-18.250,2.869
-0.670,-0.653,0.641,-4.822,-20.569,4.028
-0.646,-0.651,0.621,-2.869,-21.851,4.761
-0.635,-0.653,0.624,-0.122,-22.095,6.836
-0.620,-0.661,0.615,1.404,-25.818,8.545
-0.612,-0.661,0.589,0.488,-29.602,9.338
-0.607,-0.664,0.558,-0.916,-29.480,10.132
-0.596,-0.674,0.528,-1.404,-25.574,10.864
-0.591,-0.682,0.519,-1.038,-18.799,11.963
-0.591,-0.688,0.544,-0.610,-16.846,13.123
-0.589,-0.691,0.572,-0.977,-17.151,13.672
-0.577,-0.696,0.586,-2.563,-15.564,13.733
-0.553,-0.697,0.589,-4.272,-14.038,12.756
-0.537,-0.689,0.600,-4.639,-13.367,11.780
-0.535,-0.668,0.622,-4.639,-13.123,11.169
-0.534,-0.647,0.633,-5.127,-12.939,10.559
-0.518,-0.638,0.624,-5.371,-13.062,10.437
-0.493,-0.645,0.615,-4.761,-15.686,9.766
-0.488,-0.658,0.609,-3.418,-20.203,8.484
-0.484,-0.663,0.597,-2.502,-23.010,7.080
-0.484,-0.650,0.583,-1.831,-23.987,5.920
-0.489,-0.641,0.573,-0.671,-24.475,5.798
-0.487,-0.628,0.551,-0.305,-24.780,6.714
-0.490,-0.625,0.544,-0.671,-24.475,7.568
-0.496,-0.645,0.545,-1.465,-23.132,8.362
-0.489,-0.679,0.534,-2.686,-20.569,8.789
-0.480,-0.704,0.521,-3.906,-17.090,8.911
-0.475,-0.721,0.512,-4.700,-13.916,8.240
-0.476,-0.724,0.501,-5.249,-10.986,6.775
-0.481,-0.727,0.500,-5.432,-7.690,5.127
-0.480,-0.720,0.492,-5.554,-4.639,3.845
-0.475,-0.716,0.497,-5.798,-2.625,2.869
-0.474,-0.721,0.513,-5.432,-1.343,2.014
-0.473,-0.724,0.524,-5.249,-0.549,0.916
-0.467,-0.709,0.525,-6.104,-0.427,-0.061
-0.471,-0.682,0.537,-7.080,-0.366,-0.671
-0.475,-0.676,0.553,-7.385,-0.244,-0.854
-0.469,-0.682,0.561,-7.812,-0.183,-0.488
-0.466,-0.685,0.556,-7.751,-0.732,0.183
-1.222,-0.870,0.441,36.316,-21.667,17.029
-1.230,-0.891,0.406,44.067,-25.269,17.822
-1.228,-0.876,0.358,50.171,-28.503,17.273
-1.223,-0.826,0.298,54.626,-32.349,15.625
-1.214,-0.765,0.233,57.190,-37.781,12.756
-1.215,-0.699,0.154,57.983,-43.884,10.559
-1.212,-0.629,0.034,55.969,-48.767,10.559
-1.227,-0.576,-0.023,51.331,-49.011,13.245
-1.254,-0.563,-0.020,45.776,-41.931,16.785
-1.253,-0.615,-0.004,40.771,-31.982,20.142
-1.226,-0.698,-0.012,37.415,-25.085,23.437
-1.196,-0.773,-0.037,37.781,-22.522,24.963
-1.152,-0.822,-0.074,42.175,-22.644,24.292
-1.088,-0.805,-0.098,49.316,-22.400,20.996
-1.034,-0.776,-0.108,58.105,-20.142,15.930
-0.962,-0.727,-0.129,63.782,-16.724,10.559
-0.917,-0.636,-0.194,63.232,-13.306,7.263
-0.890,-0.523,-0.284,58.350,-9.827,6.531
-0.869,-0.412,-0.367,52.673,-5.005,8.667
-0.830,-0.337,-0.420,47.668,2.930,13.489
-0.765,-0.315,-0.431,41.199,15.442,20.081
-0.658,-0.309,-0.426,32.471,29.785,27.161
-0.543,-0.316,-0.324,23.621,43.701,33.264
-0.431,-0.339,-0.114,13.794,58.228,38.940
-0.256,-0.354,0.050,-0.732,71.106,43.457
-0.037,-0.300,0.083,-16.052,78.796,48.035
0.185,-0.142,0.057,-23.437,84.778,55.725
0.432,-0.073,0.077,-17.151,95.581,66.895
0.740,-0.107,0.075,1.892,112.732,81.970
1.091,-0.150,0.031,28.687,130.676,102.234
1.344,-0.240,0.072,58.289,150.757,125.854
1.540,-0.410,0.276,84.534,175.842,150.269
1.752,-0.617,0.576,97.473,201.965,171.265
1.961,-0.909,0.921,90.332,222.534,184.814
2.091,-1.232,1.318,68.604,236.267,188.171
2.047,-1.554,1.805,44.250,243.530,180.115
1.773,-1.963,2.283,23.804,242.981,159.241
1.368,-2.315,2.656,6.531,231.079,124.207
0.900,-2.381,3.047,-9.705,208.130,76.050
0.456,-2.176,3.603,-24.841,182.922,24.536
0.206,-1.793,3.997,-38.879,156.250,-16.968
0.383,-1.322,3.713,-50.171,109.497,-45.532
0.629,-0.793,2.576,-49.805,29.541,-59.082
0.640,-0.350,1.101,-29.480,-67.017,-60.059
0.420,0.029,-0.184,4.944,-146.118,-47.729
0.128,0.238,-0.995,49.683,-178.467,-21.179
0.092,0.147,-1.236,96.985,-158.569,8.545
0.227,-0.159,-1.086,128.662,-149.048,34.058
0.275,-0.549,-0.828,131.042,-170.105,55.298
0.274,-0.955,-0.668,106.201,-183.533,65.552
0.276,-1.210,-0.581,65.552,-174.194,58.594
0.232,-1.265,-0.484,26.794,-136.719,39.368
0.207,-1.208,-0.336,1.038,-79.285,15.625
0.200,-1.124,-0.131,-11.841,-28.442,-4.028
0.177,-1.052,0.123,-18.250,-2.319,-17.517
0.150,-0.987,0.412,-22.949,10.925,-25.269
0.167,-0.914,0.691,-24.048,18.982,-27.405
0.187,-0.855,0.874,-22.583,17.456,-26.611
0.214,-0.848,0.934,-20.325,10.376,-23.560
0.243,-0.884,0.867,-18.433,0.977,-20.996
0.236,-0.903,0.778,-16.907,-8.667,-21.118
0.209,-0.883,0.734,-11.841,-13.855,-22.156
0.196,-0.879,0.742,-1.831,-14.832,-23.987
0.187,-0.907,0.756,8.911,-17.517,-27.100
0.194,-0.861,0.740,14.954,-25.574,-31.555
0.161,-0.788,0.714,14.648,-37.170,-33.081
0.131,-0.794,0.612,8.545,-49.683,-32.288
0.098,-0.862,0.477,-0.671,-63.232,-32.837
0.021,-0.913,0.342,-8.850,-76.904,-34.607
-0.070,-0.952,0.231,-13.428,-85.083,-36.926
-0.160,-0.968,0.170,-16.541,-84.167,-39.001
-0.209,-0.964,0.132,-19.897,-75.378,-40.588
-0.231,-0.929,0.110,-23.315,-64.575,-42.297
-0.274,-0.899,0.123,-25.146,-55.298,-42.969
-0.314,-0.880,0.127,-26.550,-46.753,-42.480
-0.367,-0.890,0.145,-27.100,-37.903,-41.565
-0.410,-0.912,0.154,-26.428,-29.724,-41.504
-0.431,-0.903,0.124,-24.292,-24.231,-41.016
-0.474,-0.884,0.108,-21.240,-20.020,-39.124
-0.503,-0.870,0.114,-19.592,-14.465,-36.743
-0.507,-0.846,0.123,-19.775,-7.996,-33.813
-0.503,-0.818,0.149,-19.714,-2.869,-29.541
-0.482,-0.802,0.179,-18.860,2.136,-24.841
-0.461,-0.806,0.218,-18.250,7.996,-20.203
-0.457,-0.851,0.274,-17.578,12.878,-16.602
-0.439,-0.911,0.323,-15.503,16.296,-14.893
-0.430,-0.925,0.364,-13.428,18.127,-14.282
-0.434,-0.924,0.415,-12.878,19.043,-15.869
-0.441,-0.924,0.455,-14.587,18.677,-18.066
-0.446,-0.889,0.489,-19.592,17.212,-20.630
-0.461,-0.803,0.468,-25.940,15.259,-22.095
-0.463,-0.744,0.442,-28.015,11.780,-21.729
-0.442,-0.724,0.428,-26.672,8.850,-19.043
-0.414,-0.716,0.395,-24.170,7.141,-15.442
-0.313,-0.676,0.432,-18.982,9.216,-10.742
-0.341,-0.715,0.499,-11.536,-0.793,-4.578
-0.358,-0.795,0.502,-7.141,-6.531,-2.930
-0.315,-0.860,0.506,-7.324,4.089,-4.517
-0.356,-0.880,0.537,-8.362,8.606,-7.263
-0.397,-0.858,0.558,-8.728,5.554,-8.972
-0.395,-0.823,0.545,-9.338,2.502,-9.705
-0.395,-0.785,0.517,-11.536,-2.441,-8.728
-0.392,-0.761,0.466,-15.503,-7.324,-7.263
-0.361,-0.745,0.436,-18.677,-6.897,-5.554
-0.344,-0.750,0.440,-17.761,-6.470,-3.052
-0.366,-0.779,0.455,-12.939,-9.949,0.061
-0.384,-0.829,0.461,-6.592,-14.282,2.930
-0.391,-0.878,0.452,-1.526,-18.066,4.089
-0.407,-0.910,0.430,1.099,-20.508,3.418
-0.426,-0.912,0.416,1.892,-20.569,1.221
-0.427,-0.890,0.414,1.648,-17.639,-0.793
-0.417,-0.875,0.415,0.366,-14.771,-2.136
-0.415,-0.875,0.426,-1.709,-12.390,-2.991
-0.408,-0.863,0.437,-4.150,-9.216,-3.723
-0.393,-0.859,0.441,-6.348,-5.493,-4.456
-0.396,-0.882,0.463,-8.179,-3.723,-5.554
-0.401,-0.899,0.497,-9.644,-2.563,-6.897
-0.403,-0.900,0.520,-10.864,-2.197,-8.484
-0.410,-0.899,0.536,-12.634,-2.563,-10.193
2.088,-0.403,0.717,31.250,272.278,62.927
2.132,-0.458,1.014,56.213,291.077,69.397
2.089,-0.558,1.409,69.641,313.416,75.195
1.957,-0.661,1.919,72.083,330.688,79.224
1.650,-0.868,2.492,62.927,338.074,76.416
1.226,-1.072,3.079,44.678,335.266,63.965
0.694,-1.161,3.786,21.545,321.594,44.922
0.243,-1.048,4.000,-5.676,302.673,23.621
0.039,-0.742,4.000,-40.039,277.466,5.737
0.497,-0.447,4.000,-86.487,251.221,-6.531
0.895,-0.269,2.853,-109.070,166.199,-19.409
0.417,0.009,1.133,-79.834,-5.859,-17.639
-0.003,0.228,0.062,-8.972,-120.667,-7.385
-0.092,0.186,-0.238,74.402,-135.254,2.686
-0.177,-0.025,-0.094,129.089,-123.108,18.738
-0.220,-0.319,0.039,137.634,-85.510,36.255
0.096,-0.544,0.094,113.098,-26.794,46.021
0.266,-0.709,0.167,81.482,-14.587,47.729
0.260,-0.809,0.256,53.650,-60.486,43.884
0.200,-0.889,0.335,27.893,-99.365,37.476
0.139,-0.973,0.327,3.296,-102.295,26.062
0.087,-0.949,0.282,-17.639,-82.947,10.864
0.040,-0.857,0.296,-30.090,-57.983,-0.793
-0.002,-0.763,0.371,-38.147,-35.461,-6.042
0.013,-0.760,0.563,-49.377,-22.400,-10.376
-0.091,-0.735,0.691,-70.190,-25.208,-20.386
-0.118,-0.651,0.756,-89.844,-3.418,-26.306
-0.025,-0.604,0.866,-96.741,27.954,-28.198
0.012,-0.589,0.998,-99.060,41.565,-28.198
0.013,-0.565,1.092,-102.905,36.560,-27.344
-0.017,-0.577,1.159,-108.398,27.893,-27.100
-0.024,-0.593,1.147,-114.563,24.780,-28.625
-0.007,-0.504,1.058,-110.718,25.085,-30.212
-0.018,-0.393,1.007,-89.722,22.705,-30.823
-0.036,-0.313,1.040,-61.768,20.569,-29.236
-0.049,-0.271,1.080,-43.030,20.020,-25.146
-0.039,-0.241,1.105,-34.973,16.357,-18.860
-0.028,-0.270,1.146,-32.471,8.789,-11.963
-0.016,-0.340,1.175,-33.447,1.282,-5.981
-0.009,-0.405,1.125,-38.391,-6.958,-2.563
-0.006,-0.466,1.041,-42.786,-16.357,-1.404
-0.014,-0.508,0.999,-43.335,-23.804,-2.319
-0.054,-0.522,1.001,-41.809,-27.893,-4.150
-0.101,-0.504,0.995,-40.649,-28.687,-6.348
-0.125,-0.447,0.909,-38.330,-30.823,-8.057
-0.137,-0.393,0.830,-30.518,-33.691,-8.240
-0.151,-0.380,0.811,-19.653,-34.607,-8.240
-0.163,-0.388,0.836,-10.742,-30.640,-7.996
-0.153,-0.392,0.883,-5.798,-24.719,-7.874
-0.144,-0.399,0.961,-3.906,-20.630,-8.118
-0.154,-0.402,1.007,-7.019,-18.555,-7.751
-0.147,-0.425,1.008,-14.465,-18.494,-8.423
-0.152,-0.435,0.995,-22.400,-17.395,-9.644
-0.137,-0.399,0.961,-27.039,-16.113,-10.864
-0.129,-0.353,0.955,-27.893,-15.137,-11.292
-0.123,-0.340,0.973,-27.893,-14.404,-10.803
-0.098,-0.343,0.965,-28.381,-14.526,-9.460
-0.080,-0.308,0.949,-27.649,-15.442,-8.301
-0.114,-0.268,0.995,-21.912,-15.991,-7.446
-0.149,-0.246,1.051,-15.259,-15.686,-6.836
-0.138,-0.214,1.037,-13.428,-18.066,-6.226
-0.135,-0.187,0.996,-14.893,-23.010,-4.150
-0.146,-0.197,0.956,-16.113,-27.527,-2.197
-0.155,-0.216,0.936,-16.052,-29.419,-0.854
-0.167,-0.241,0.932,-13.062,-29.602,0.549
-0.174,-0.274,0.940,-9.094,-30.273,0.793
-0.190,-0.290,0.976,-5.066,-31.738,0.488
-0.216,-0.308,1.008,-1.160,-32.654,0.061
-0.220,-0.292,1.013,2.563,-34.546,-0.610
-0.215,-0.273,1.008,6.470,-38.025,-0.793
-0.201,-0.296,1.001,10.132,-40.833,-0.916
-0.229,-0.291,0.978,12.268,-43.579,-0.854
-0.277,-0.279,0.937,15.320,-46.204,0.610
-0.256,-0.269,0.914,18.433,-43.396,0.488
-0.240,-0.285,0.937,19.043,-39.795,0.671
-0.233,-0.304,0.978,16.968,-38.574,0.977
-0.249,-0.299,1.014,14.893,-37.231,1.892
-0.236,-0.277,1.060,14.160,-35.828,1.526
-0.213,-0.286,1.094,14.404,-36.926,1.465
-0.192,-0.292,1.076,13.855,-40.894,2.014
-0.162,-0.295,1.031,14.038,-45.349,2.563
-0.137,-0.316,0.985,16.418,-48.706,3.113
-0.140,-0.337,0.962,20.081,-50.110,3.357
-0.141,-0.353,0.957,23.743,-50.232,2.014
-0.165,-0.384,0.951,28.503,-49.805,2.075
-0.183,-0.408,0.935,32.166,-51.331,0.305
-0.203,-0.404,0.905,32.532,-52.002,-1.953
-0.193,-0.390,0.873,32.104,-50.964,-3.601
-0.180,-0.385,0.855,30.029,-49.377,-4.761
-0.186,-0.363,0.837,26.611,-47.852,-5.859
-0.197,-0.339,0.825,25.208,-46.082,-6.470
-0.208,-0.317,0.829,27.100,-45.715,-6.226
-0.232,-0.298,0.834,30.579,-46.082,-5.005
-0.250,-0.292,0.825,33.997,-47.363,-3.601
-0.255,-0.292,0.809,37.354,-49.133,-1.526
-0.252,-0.325,0.806,39.490,-50.293,1.038
-0.246,-0.377,0.781,39.673,-50.354,2.563
-0.231,-0.418,0.753,39.612,-49.255,3.357
-0.224,-0.462,0.752,40.344,-46.326,2.563
-0.235,-0.492,0.745,41.077,-42.786,0.427
-0.251,-0.501,0.738,41.931,-39.856,-2.197
-0.264,-0.494,0.721,44.739,-38.940,-4.578
-0.279,-0.475,0.701,49.194,-39.612,-6.409
-0.316,-0.457,0.692,53.101,-39.612,-7.202
-0.349,-0.460,0.687,54.565,-38.208,-7.629
-0.362,-0.444,0.652,52.429,-37.109,-8.179
-0.375,-0.408,0.630,48.889,-35.522,-7.690
-0.408,-0.403,0.644,45.837,-33.569,-6.653
-0.440,-0.424,0.659,42.969,-30.518,-5.249
-0.467,-0.406,0.650,38.269,-28.564,-3.967
-0.504,-0.396,0.642,35.278,-28.381,-2.686
-0.532,-0.430,0.663,34.729,-27.649,-0.793
-0.545,-0.482,0.665,34.668,-25.757,1.343
-0.535,-0.500,0.652,35.034,-24.658,1.770
-0.549,-0.518,0.693,38.879,-23.560,2.014
-0.555,-0.551,0.718,41.443,-22.034,1.343
-0.562,-0.556,0.702,41.809,-21.912,-0.610
-0.601,-0.572,0.674,42.847,-24.536,-2.747
-0.625,-0.576,0.642,43.762,-23.254,-4.395
1.333,0.463,1.293,-84.473,235.291,62.317
1.337,0.330,1.555,-56.030,259.399,67.932
1.257,0.158,2.022,-19.104,280.518,73.975
1.119,-0.061,2.520,11.658,295.410,78.430
0.947,-0.270,2.867,28.198,292.786,79.163
0.698,-0.451,2.956,30.518,268.127,76.477
0.498,-0.567,2.839,26.978,228.394,69.824
0.341,-0.624,2.610,25.513,179.932,62.805
0.194,-0.651,2.354,26.367,131.470,56.274
0.141,-0.638,2.090,28.137,91.614,50.781
0.131,-0.646,1.861,32.043,58.105,46.204
0.160,-0.692,1.656,37.781,28.137,42.053
0.194,-0.748,1.459,42.114,2.991,37.659
0.208,-0.802,1.219,43.884,-18.005,32.532
0.200,-0.826,0.976,45.837,-37.292,26.978
0.188,-0.826,0.806,47.302,-51.697,21.362
0.189,-0.830,0.707,44.983,-59.753,16.724
0.200,-0.835,0.671,37.842,-64.209,13.367
0.187,-0.866,0.670,27.039,-63.721,10.620
0.186,-0.907,0.668,14.587,-59.631,6.592
0.193,-0.926,0.670,3.418,-57.312,0.427
0.200,-0.893,0.722,-5.066,-56.519,-7.019
0.141,-0.831,0.793,-11.597,-56.274,-14.404
0.086,-0.788,0.835,-18.127,-58.472,-22.034
0.023,-0.735,0.862,-25.940,-62.744,-31.189
-0.058,-0.710,0.811,-32.837,-66.467,-39.368
-0.069,-0.653,0.716,-37.537,-58.472,-49.194
-0.048,-0.516,0.707,-34.180,-40.894,-55.847
-0.063,-0.378,0.796,-23.376,-28.748,-56.702
-0.091,-0.283,0.940,-13.306,-25.696,-54.260
-0.151,-0.225,1.069,-11.108,-24.353,-49.988
-0.240,-0.235,1.096,-17.395,-21.423,-45.349
-0.281,-0.264,1.013,-25.818,-21.729,-42.175
-0.298,-0.257,0.885,-28.503,-26.367,-38.330
-0.311,-0.232,0.742,-26.245,-31.006,-32.898
-0.303,-0.221,0.633,-19.287,-30.518,-27.405
-0.275,-0.212,0.619,-7.568,-21.362,-21.729
-0.248,-0.214,0.711,5.310,-7.629,-15.808
-0.232,-0.265,0.844,16.113,5.249,-9.155
-0.249,-0.391,0.945,20.447,13.184,-3.967
-0.270,-0.523,0.973,18.921,14.160,-2.563
-0.284,-0.622,0.979,15.076,9.094,-5.005
-0.281,-0.652,0.978,11.963,2.930,-10.986
-0.288,-0.606,0.972,7.385,-1.404,-18.494
-0.297,-0.543,0.939,0.610,-4.333,-25.696
-0.282,-0.466,0.868,-6.287,-7.874,-31.067
-0.276,-0.373,0.807,-11.963,-10.620,-33.875
-0.278,-0.330,0.805,-14.038,-10.132,-33.813
-0.290,-0.330,0.818,-14.221,-7.019,-31.677
-0.354,-0.363,0.877,-14.648,-5.920,-30.151
-0.428,-0.399,0.923,-13.611,-6.104,-29.968
-0.437,-0.410,0.905,-12.085,-9.338,-31.250
-0.422,-0.398,0.849,-9.033,-16.418,-32.227
-0.421,-0.347,0.797,-7.568,-23.132,-32.898
-0.405,-0.280,0.755,-8.667,-24.536,-33.447
-0.383,-0.218,0.717,-12.207,-23.499,-33.447
-0.363,-0.203,0.693,-16.357,-20.630,-31.860
-0.350,-0.185,0.690,-20.569,-15.747,-28.992
-0.381,-0.199,0.740,-22.522,-10.620,-24.841
-0.456,-0.256,0.820,-22.095,-6.470,-21.484
-0.499,-0.321,0.889,-21.729,-5.188,-20.813
-0.500,-0.331,0.910,-20.630,-9.277,-22.156
-0.505,-0.316,0.894,-17.639,-17.395,-22.888
-0.504,-0.301,0.855,-15.320,-25.269,-23.071
-0.495,-0.276,0.814,-15.137,-29.419,-23.315
-0.495,-0.263,0.753,-15.320,-30.090,-22.705
-0.498,-0.273,0.716,-13.428,-28.687,-21.545
-0.502,-0.306,0.720,-9.277,-24.902,-19.897
-0.500,-0.349,0.748,-4.761,-18.677,-17.944
-0.510,-0.368,0.807,-1.526,-12.878,-16.846
-0.524,-0.359,0.915,-0.671,-11.292,-15.259
-0.604,-0.329,0.945,-3.174,-19.348,-13.123
-0.620,-0.314,0.903,-9.277,-16.235,-12.390
-0.558,-0.303,0.841,-16.602,-3.235,-15.869
-0.496,-0.254,0.804,-20.264,5.005,-19.043
-0.463,-0.184,0.789,-17.517,2.075,-18.494
-0.465,-0.149,0.828,-9.888,-6.470,-14.282
-0.504,-0.159,0.872,-3.052,-13.245,-8.972
-0.518,-0.184,0.876,-0.183,-14.587,-4.700
-0.507,-0.214,0.847,-0.671,-13.184,-2.991
-0.495,-0.234,0.833,-1.953,-12.573,-2.808
-0.491,-0.226,0.819,-1.160,-12.207,-2.686
-0.488,-0.195,0.804,1.526,-11.841,-2.686
-0.480,-0.162,0.797,4.089,-11.292,-2.686
-0.493,-0.145,0.787,5.920,-10.559,-1.526
-0.504,-0.143,0.749,5.737,-11.108,0.671
-0.514,-0.152,0.691,4.578,-11.414,2.869
-0.507,-0.163,0.652,4.272,-9.583,4.822
-0.523,-0.172,0.651,5.005,-6.348,7.080
-0.538,-0.166,0.685,7.080,-2.075,9.705
-0.543,-0.193,0.727,10.071,3.418,11.719
-0.529,-0.234,0.752,12.939,6.897,14.038
-0.509,-0.277,0.758,14.709,5.981,15.625
-0.513,-0.336,0.753,15.015,4.150,14.954
-0.520,-0.380,0.751,16.235,4.272,12.878
-0.519,-0.384,0.741,19.592,4.761,10.681
-0.532,-0.378,0.719,23.621,5.310,9.094
-0.551,-0.375,0.697,26.245,6.409,7.690
-0.564,-0.376,0.658,27.466,10.559,7.263
-0.510,-0.366,0.675,25.940,13.672,6.165
-0.506,-0.383,0.713,21.423,4.456,4.456
-0.515,-0.385,0.749,14.160,1.038,1.526
-0.493,-0.327,0.766,8.179,8.484,0.854
-0.503,-0.291,0.798,5.554,16.907,3.540
-0.519,-0.312,0.844,4.639,23.132,4.822
-0.497,-0.346,0.868,2.808,22.522,2.563
-0.482,-0.334,0.844,1.404,13.000,-0.122
-0.504,-0.307,0.793,3.784,0.366,-1.282
-0.514,-0.296,0.742,8.606,-7.507,-1.526
-0.512,-0.326,0.698,13.367,-11.414,-1.465
-0.504,-0.356,0.675,17.700,-11.658,-1.709
-0.497,-0.347,0.683,22.034,-6.653,-1.709
-0.481,-0.379,0.725,26.489,-0.549,-2.380
-0.464,-0.382,0.777,29.663,5.371,-2.014
-0.428,-0.346,0.794,28.015,9.705,-1.953
-0.392,-0.280,0.804,22.400,11.536,-2.686
-0.398,-0.222,0.819,17.212,12.146,-1.770
-0.386,-0.194,0.785,12.878,10.986,0.916
-0.376,-0.192,0.714,9.705,6.775,4.822
1.132,-0.931,1.184,40.588,177.246,76.965
1.013,-1.054,1.387,13.367,174.683,69.214
0.924,-1.089,1.566,-3.357,167.847,55.847
0.795,-1.041,1.696,-6.836,150.696,41.748
0.633,-1.021,1.775,-1.831,130.981,30.884
0.524,-0.987,1.792,2.380,110.535,20.691
0.442,-0.922,1.768,4.272,92.224,11.963
0.356,-0.848,1.694,7.202,72.815,5.676
0.308,-0.807,1.572,11.108,50.659,2.075
0.286,-0.782,1.411,13.367,26.489,0.061
0.261,-0.772,1.210,13.855,-1.770,-0.122
0.248,-0.789,0.992,14.587,-32.043,-0.122
0.234,-0.805,0.793,15.198,-57.922,-0.977
0.212,-0.814,0.616,13.977,-75.623,-2.136
0.191,-0.825,0.465,11.047,-87.158,-3.418
0.168,-0.821,0.330,8.301,-91.736,-4.578
0.157,-0.799,0.244,5.920,-89.111,-5.371
0.130,-0.775,0.215,4.761,-82.947,-4.700
0.100,-0.761,0.216,3.723,-77.881,-3.601
0.071,-0.763,0.234,2.319,-75.317,-2.319
0.044,-0.791,0.254,-0.549,-71.899,-1.038
0.014,-0.820,0.279,-4.272,-65.125,-0.854
0.001,-0.849,0.300,-6.348,-52.429,-1.648
0.003,-0.887,0.343,-6.348,-39.063,-2.625
-0.007,-0.906,0.399,-6.836,-28.259,-4.089
-0.013,-0.901,0.459,-9.216,-18.799,-5.859
-0.010,-0.903,0.507,-13.306,-9.460,-7.751
0.016,-0.909,0.539,-18.250,-0.244,-9.399
0.054,-0.910,0.572,-20.935,8.118,-10.620
0.084,-0.932,0.633,-19.775,11.414,-12.268
0.075,-0.933,0.700,-17.944,11.108,-14.893
0.054,-0.925,0.762,-18.005,12.085,-18.982
0.068,-0.898,0.770,-21.912,11.963,-23.560
0.096,-0.845,0.725,-27.893,6.042,-26.672
0.097,-0.792,0.682,-31.860,-2.319,-27.466
0.097,-0.763,0.646,-32.410,-7.507,-26.733
0.090,-0.759,0.626,-30.884,-10.071,-25.330
0.065,-0.763,0.632,-27.466,-12.939,-24.475
0.041,-0.752,0.641,-23.926,-14.893,-23.987
0.046,-0.716,0.635,-21.545,-16.907,-23.499
0.014,-0.673,0.601,-21.057,-21.179,-22.095
0.017,-0.657,0.566,-21.240,-22.705,-21.484
0.013,-0.664,0.571,-21.423,-16.724,-20.630
0.021,-0.661,0.601,-21.057,-11.414,-19.287
0.036,-0.676,0.648,-22.156,-13.000,-18.127
0.025,-0.747,0.691,-24.719,-16.174,-18.127
-0.000,-0.798,0.708,-28.015,-16.174,-19.836
-0.044,-0.794,0.710,-28.503,-18.188,-22.644
-0.095,-0.733,0.692,-24.475,-25.513,-25.635
-0.123,-0.653,0.667,-18.127,-33.752,-27.466
-0.125,-0.594,0.632,-12.634,-38.757,-26.733
-0.104,-0.572,0.581,-8.850,-40.649,-23.682
-0.080,-0.589,0.526,-5.432,-39.978,-18.555
-0.080,-0.640,0.508,-2.686,-36.865,-13.794
-0.158,-0.746,0.557,-1.221,-29.846,-10.742
-0.246,-0.828,0.632,-1.038,-22.217,-12.146
-0.272,-0.836,0.655,-1.282,-15.564,-15.259
-0.270,-0.785,0.637,-3.723,-14.099,-18.311
-0.257,-0.723,0.596,-8.118,-14.221,-20.813
-0.232,-0.665,0.567,-13.245,-11.597,-21.912
-0.208,-0.620,0.574,-17.029,-6.104,-20.569
-0.214,-0.621,0.616,-20.020,-1.465,-18.372
-0.259,-0.654,0.675,-21.423,1.953,-16.113
-0.290,-0.692,0.731,-21.301,2.014,-14.648
-0.323,-0.723,0.757,-20.935,-0.793,-14.160
-0.358,-0.734,0.745,-20.203,-5.127,-14.709
-0.356,-0.707,0.693,-18.860,-10.742,-15.625
-0.329,-0.667,0.628,-16.357,-14.832,-15.747
-0.299,-0.637,0.579,-12.634,-15.808,-14.648
-0.295,-0.638,0.578,-6.958,-13.367,-13.062
-0.310,-0.672,0.623,0.122,-9.460,-10.559
-0.316,-0.717,0.683,3.906,-6.470,-9.644
-0.318,-0.750,0.734,3.113,-4.333,-10.864
-0.378,-0.747,0.753,-1.282,-3.662,-12.390
-0.403,-0.707,0.741,-6.287,-5.127,-14.221
-0.398,-0.649,0.703,-10.376,-7.385,-15.015
-0.381,-0.602,0.669,-13.123,-9.521,-14.221
-0.396,-0.584,0.637,-15.137,-10.620,-12.390
-0.373,-0.592,0.605,-15.564,-10.986,-9.521
-0.365,-0.620,0.582,-13.245,-11.658,-6.653
-0.383,-0.659,0.578,-7.935,-11.719,-4.456
-0.399,-0.708,0.597,-2.441,-11.597,-4.395
-0.419,-0.748,0.641,1.404,-10.803,-5.798
-0.442,-0.738,0.672,2.075,-9.460,-8.240
-0.458,-0.700,0.677,-1.099,-9.155,-10.925
-0.459,-0.655,0.652,-5.371,-10.681,-13.000
-0.427,-0.607,0.582,-9.338,-12.329,-13.489
-0.413,-0.584,0.541,-12.512,-12.451,-12.085
-0.409,-0.590,0.538,-13.672,-8.545,-9.460
-0.389,-0.627,0.554,-13.672,-4.639,-7.263
-0.397,-0.666,0.582,-13.367,-2.747,-5.676
-0.396,-0.701,0.617,-12.756,-2.380,-5.859
-0.379,-0.712,0.647,-12.146,-2.563,-7.629
-0.417,-0.715,0.683,-11.719,-2.747,-9.705
-0.430,-0.687,0.698,-12.085,-2.808,-11.536
-0.425,-0.628,0.685,-14.099,-3.296,-12.573
-0.423,-0.593,0.689,-15.015,-3.479,-12.268
-0.407,-0.582,0.681,-13.245,-2.991,-10.132
-0.386,-0.546,0.660,-12.329,-3.296,-7.690
-0.379,-0.540,0.656,-10.864,-3.967,-5.432
-0.362,-0.541,0.657,-8.484,-3.784,-3.418
-0.344,-0.548,0.661,-6.287,-3.296,-0.732
-0.353,-0.580,0.712,-3.540,-3.296,2.014
-0.372,-0.621,0.737,-3.052,-3.174,2.319
-0.361,-0.640,0.723,-5.859,-4.028,0.427
-0.381,-0.614,0.724,-8.057,-5.005,-1.526
-0.388,-0.573,0.733,-8.667,-4.150,-2.747
-0.376,-0.519,0.725,-9.399,-3.235,-3.479
-0.380,-0.480,0.722,-10.620,-3.601,-3.052
-0.392,-0.478,0.710,-12.390,-4.395,-1.709
-0.388,-0.515,0.667,-12.634,-5.066,0.366
-0.368,-0.551,0.618,-10.559,-6.592,1.770
-0.381,-0.630,0.597,-5.554,-6.775,1.282
-0.395,-0.658,0.611,0.122,-3.845,0.610
-0.395,-0.653,0.658,3.967,0.305,-1.770
-0.399,-0.640,0.693,5.005,4.150,-4.333
-0.400,-0.620,0.718,1.709,4.456,-7.446
-0.410,-0.580,0.714,-4.456,2.930,-9.460
-0.410,-0.557,0.669,-11.047,2.075,-10.559
1.184,-0.798,1.117,-120.728,56.580,-87.280
1.500,-0.897,1.124,-125.061,48.157,-101.685
1.806,-1.050,1.011,-102.417,56.213,-103.882
1.955,-1.069,0.898,-59.753,81.909,-107.666
2.001,-0.884,0.893,-18.372,111.389,-121.460
1.851,-0.489,0.981,14.465,136.047,-138.794
1.456,0.096,1.257,43.213,144.775,-150.574
1.103,0.648,1.568,66.040,143.250,-147.217
0.940,0.990,1.762,83.130,139.038,-120.178
0.842,1.021,1.901,94.604,125.244,-70.190
0.647,0.925,2.061,98.389,95.642,-13.672
0.370,0.728,2.261,89.844,54.993,29.907
0.033,0.528,2.344,66.406,14.221,53.894
-0.155,0.273,2.307,34.363,-16.113,63.293
-0.118,0.010,2.096,1.709,-33.875,62.012
0.026,-0.228,1.765,-28.259,-41.931,53.711
0.185,-0.414,1.425,-55.847,-48.767,35.828
0.280,-0.570,1.068,-75.928,-59.509,15.137
0.359,-0.673,0.805,-82.764,-72.815,3.418
0.444,-0.697,0.657,-71.167,-85.022,3.967
0.499,-0.675,0.629,-42.725,-96.130,12.268
0.493,-0.619,0.688,-8.362,-105.469,25.635
0.453,-0.552,0.785,17.395,-113.892,40.710
0.391,-0.467,0.862,30.884,-119.629,53.467
0.281,-0.388,0.889,33.936,-119.873,59.509
0.161,-0.378,0.901,30.334,-115.417,58.167
0.068,-0.418,0.903,19.958,-106.689,51.208
0.036,-0.468,0.885,7.446,-93.262,41.016
0.023,-0.510,0.858,-1.953,-79.651,30.640
0.005,-0.538,0.844,-7.080,-70.313,23.132
-0.049,-0.540,0.811,-7.324,-64.819,19.714
-0.132,-0.507,0.798,-3.723,-62.195,19.470
-0.188,-0.456,0.802,1.709,-60.852,22.949
-0.223,-0.418,0.801,6.897,-60.913,27.161
-0.242,-0.395,0.803,12.085,-60.364,30.029
-0.253,-0.372,0.807,15.625,-59.448,29.968
-0.274,-0.349,0.805,16.968,-58.167,27.161
-0.327,-0.328,0.784,15.137,-56.335,22.766
-0.391,-0.314,0.746,11.963,-52.002,18.860
-0.436,-0.323,0.716,6.531,-45.715,14.038
-0.439,-0.336,0.682,-0.061,-37.903,7.324
-0.449,-0.343,0.641,-4.761,-31.128,-0.916
-0.476,-0.344,0.642,-6.775,-26.001,-8.301
-0.481,-0.342,0.659,-7.202,-23.743,-13.611
-0.474,-0.339,0.671,-5.371,-24.902,-16.174
-0.486,-0.337,0.674,-0.854,-29.175,-16.968
-0.496,-0.321,0.676,4.456,-33.508,-16.174
-0.490,-0.304,0.675,7.812,-36.194,-13.916
-0.495,-0.292,0.669,9.521,-36.377,-11.108
-0.516,-0.260,0.687,10.193,-34.180,-8.728
-0.536,-0.212,0.727,9.521,-31.128,-6.836
-0.548,-0.184,0.767,9.277,-28.687,-5.310
-0.560,-0.174,0.805,10.071,-27.222,-3.601
-0.585,-0.176,0.835,9.338,-26.611,-1.038
-0.591,-0.194,0.850,6.653,-24.902,1.953
-0.601,-0.210,0.844,2.808,-23.071,3.662
-0.626,-0.234,0.838,-1.343,-21.606,2.991
-0.636,-0.258,0.834,-5.493,-18.921,0.366
-0.628,-0.275,0.814,-9.216,-14.771,-3.418
-0.613,-0.288,0.793,-12.024,-10.925,-7.751
-0.583,-0.294,0.775,-14.465,-8.301,-11.963
-0.545,-0.288,0.752,-16.235,-7.935,-15.137
-0.536,-0.277,0.731,-16.235,-9.277,-18.005
-0.527,-0.264,0.726,-15.381,-11.108,-20.325
-0.529,-0.239,0.740,-15.259,-15.015,-21.179
-0.539,-0.202,0.744,-13.794,-17.395,-23.437
-0.531,-0.164,0.755,-11.169,-16.846,-20.691
-0.543,-0.120,0.766,-7.996,-19.348,-14.282
-0.554,-0.086,0.784,-4.578,-21.790,-8.301
-0.573,-0.060,0.809,-2.197,-24.841,-4.700
-0.594,-0.064,0.833,-1.648,-28.992,-2.991
-0.591,-0.092,0.840,-3.113,-32.471,-0.671
-0.565,-0.133,0.827,-5.066,-34.302,2.563
-0.554,-0.175,0.794,-7.080,-35.156,4.944
-0.561,-0.207,0.760,-9.705,-34.180,5.371
-0.577,-0.217,0.734,-12.024,-30.579,4.333
-0.598,-0.210,0.718,-12.878,-25.452,2.625
-0.616,-0.193,0.714,-11.536,-19.775,1.343
-0.633,-0.181,0.729,-8.850,-14.893,1.587
-0.635,-0.176,0.749,-6.348,-12.390,3.113
-0.624,-0.170,0.770,-4.211,-11.719,5.188
-0.619,-0.167,0.797,-2.686,-12.390,6.165
-0.606,-0.168,0.819,-2.075,-13.672,5.920
-0.587,-0.165,0.833,-1.648,-14.893,5.432
-0.574,-0.161,0.840,-1.099,-16.663,5.310
-0.575,-0.154,0.839,-1.038,-18.555,4.761
-0.582,-0.145,0.833,-1.831,-19.043,4.639
-0.583,-0.135,0.826,-3.845,-17.212,4.028
-0.571,-0.135,0.817,-6.470,-13.794,3.113
-0.558,-0.143,0.805,-8.301,-10.010,1.526
-0.548,-0.149,0.800,-8.972,-7.446,0.366
-0.542,-0.149,0.798,-9.155,-6.836,-0.244
-0.540,-0.158,0.798,-8.850,-7.446,0.305
-0.535,-0.171,0.798,-8.545,-8.484,2.075
-0.530,-0.178,0.795,-8.667,-9.216,3.418
-0.540,-0.185,0.794,-8.606,-9.949,3.662
-0.554,-0.190,0.792,-8.667,-9.888,2.625
-0.562,-0.193,0.794,-8.728,-9.583,0.793
-0.564,-0.180,0.784,-8.667,-9.399,-0.671
-0.574,-0.168,0.777,-8.667,-10.254,-0.916
-0.574,-0.176,0.772,-9.399,-11.719,-0.854
-0.548,-0.189,0.759,-10.742,-12.390,-0.977
-0.516,-0.198,0.746,-11.658,-11.780,-1.648
-0.488,-0.199,0.735,-11.536,-10.620,-2.625
-0.475,-0.192,0.722,-11.353,-9.094,-3.662
-0.488,-0.189,0.712,-10.925,-7.141,-4.395
-0.517,-0.191,0.712,-11.230,-4.883,-4.944
-0.538,-0.186,0.713,-12.085,-2.319,-5.310
-0.549,-0.179,0.717,-12.634,0.061,-6.226
-0.543,-0.179,0.723,-12.695,1.770,-7.385
-0.528,-0.173,0.730,-11.719,2.380,-8.362
-0.517,-0.158,0.740,-10.254,1.587,-8.484
-0.520,-0.151,0.744,-8.789,-0.061,-8.179
-0.525,-0.162,0.748,-8.423,-1.282,-7.385
-0.533,-0.175,0.757,-9.583,-1.587,-6.348
-0.534,-0.184,0.755,-12.268,-0.549,-6.653
-0.543,-0.187,0.749,-14.221,1.770,-7.874
-0.567,-0.183,0.747,-15.991,4.883,-9.338
-0.599,-0.173,0.752,-18.127,7.690,-10.681
1.512,-0.908,0.469,15.991,145.325,-0.366
1.388,-0.962,0.810,-15.747,126.953,-0.427
1.307,-1.115,0.994,-61.768,123.718,-19.287
1.425,-1.257,0.936,-110.962,141.602,-57.922
1.823,-1.455,0.729,-136.047,175.354,-105.286
2.219,-1.548,0.465,-128.906,206.909,-145.996
2.409,-1.380,0.310,-94.727,220.276,-172.974
2.366,-0.953,0.397,-37.781,214.050,-180.054
2.115,-0.379,0.792,32.043,186.218,-162.659
1.710,0.079,1.302,109.009,144.226,-126.160
1.316,0.363,1.892,156.311,104.187,-76.233
0.933,0.521,2.393,159.485,68.237,-21.301
0.521,0.632,2.710,124.573,35.034,22.217
0.162,0.655,2.805,69.519,6.714,42.297
-0.055,0.551,2.630,14.404,-15.442,37.231
0.006,0.253,2.219,-28.442,-29.541,21.790
0.263,-0.099,1.704,-62.500,-35.583,12.024
0.465,-0.423,1.187,-83.923,-39.368,9.216
0.579,-0.765,0.717,-90.088,-40.344,9.888
0.626,-1.021,0.370,-85.022,-41.931,12.512
0.620,-1.133,0.173,-70.435,-48.279,18.555
0.568,-1.110,0.130,-45.044,-62.439,27.283
0.484,-1.010,0.223,-14.465,-83.557,37.720
0.370,-0.858,0.390,13.245,-105.103,49.744
0.249,-0.687,0.574,35.400,-119.263,60.791
0.175,-0.540,0.733,47.546,-121.521,65.491
0.137,-0.448,0.839,48.401,-114.990,65.857
0.120,-0.409,0.898,39.673,-104.736,64.758
0.118,-0.409,0.923,23.254,-93.933,62.988
0.110,-0.441,0.929,3.723,-84.595,59.998
0.096,-0.492,0.917,-13.855,-75.378,53.284
0.084,-0.551,0.894,-26.978,-65.186,42.664
0.072,-0.599,0.874,-34.302,-55.237,30.640
0.058,-0.611,0.859,-36.194,-47.852,19.348
0.042,-0.598,0.854,-33.203,-43.884,11.292
0.036,-0.557,0.871,-25.696,-43.274,6.165
0.035,-0.503,0.894,-15.320,-44.800,3.174
0.028,-0.447,0.917,-5.676,-48.157,2.686
0.010,-0.393,0.938,1.343,-52.673,4.028
-0.004,-0.351,0.953,3.906,-57.190,6.226
-0.012,-0.315,0.944,1.709,-59.814,7.263
-0.021,-0.294,0.914,-3.052,-59.998,6.653
-0.017,-0.298,0.880,-9.216,-58.228,4.456
-0.000,-0.305,0.834,-15.625,-54.626,2.014
0.008,-0.312,0.804,-20.264,-50.293,0.427
0.006,-0.325,0.788,-22.095,-45.959,0.427
0.000,-0.349,0.783,-20.935,-41.992,1.892
-0.008,-0.372,0.792,-17.273,-39.368,4.944
-0.015,-0.388,0.803,-13.000,-38.452,8.362
-0.028,-0.397,0.812,-8.362,-38.696,11.292
-0.055,-0.392,0.832,-2.930,-40.527,13.000
-0.075,-0.358,0.848,1.953,-42.786,13.428
-0.109,-0.342,0.871,4.211,-44.434,12.268
-0.134,-0.323,0.894,6.714,-45.166,12.085
-0.141,-0.307,0.902,9.277,-45.593,12.695
-0.146,-0.305,0.900,10.193,-46.448,13.611
-0.148,-0.312,0.884,8.667,-47.302,14.526
-0.150,-0.317,0.859,5.615,-47.302,14.343
-0.149,-0.319,0.832,2.441,-46.021,12.634
-0.146,-0.321,0.805,0.122,-42.603,10.254
-0.151,-0.338,0.782,-0.671,-37.964,8.118
-0.151,-0.341,0.757,0.122,-32.959,6.958
-0.140,-0.329,0.742,2.258,-28.198,5.798
-0.146,-0.324,0.743,6.592,-24.963,4.883
-0.145,-0.318,0.755,13.123,-22.522,6.592
-0.127,-0.301,0.769,20.386,-21.057,10.681
-0.123,-0.282,0.781,27.710,-21.179,16.113
-0.138,-0.274,0.807,33.997,-22.034,22.156
-0.170,-0.267,0.830,37.109,-21.179,27.405
-0.216,-0.257,0.857,37.354,-17.883,31.067
-0.261,-0.256,0.884,34.485,-12.878,32.776
-0.294,-0.268,0.904,28.870,-7.263,32.104
-0.302,-0.282,0.927,22.095,-2.319,29.846
-0.312,-0.300,0.925,14.709,1.282,27.344
-0.303,-0.324,0.911,8.850,3.601,24.719
-0.294,-0.344,0.897,5.493,4.822,22.034
-0.286,-0.364,0.886,3.601,4.272,19.409
-0.284,-0.378,0.876,3.601,3.296,17.578
-0.279,-0.382,0.881,4.944,2.075,16.541
-0.271,-0.373,0.890,6.958,-0.183,16.541
-0.277,-0.363,0.904,8.728,-2.747,17.578
-0.285,-0.357,0.922,9.460,-5.127,19.226
-0.289,-0.350,0.934,7.568,-7.446,20.020
-0.285,-0.355,0.940,4.028,-9.094,19.043
-0.286,-0.369,0.938,0.183,-9.949,16.663
-0.289,-0.385,0.928,-3.784,-10.132,13.306
-0.282,-0.395,0.911,-8.057,-10.315,9.766
-0.275,-0.405,0.899,-10.803,-10.681,6.653
-0.274,-0.406,0.892,-11.658,-10.986,4.517
-0.275,-0.402,0.895,-11.597,-11.658,2.930
-0.267,-0.390,0.899,-10.925,-12.695,2.441
-0.255,-0.379,0.902,-10.071,-14.160,2.930
-0.258,-0.370,0.906,-9.460,-15.808,4.089
-0.271,-0.358,0.912,-9.583,-17.212,5.188
-0.278,-0.353,0.916,-11.475,-17.761,5.798
-0.275,-0.356,0.908,-14.648,-16.785,5.432
-0.273,-0.363,0.897,-18.311,-14.832,3.723
-0.271,-0.367,0.887,-21.973,-12.451,0.854
-0.271,-0.373,0.875,-23.926,-10.315,-2.075
-0.274,-0.372,0.863,-22.949,-9.094,-4.028
-0.278,-0.363,0.856,-20.386,-9.277,-5.005
-0.276,-0.354,0.847,-17.090,-10.132,-5.249
-0.278,-0.351,0.842,-13.916,-10.986,-5.371
-0.276,-0.346,0.834,-12.085,-11.292,-5.310
-0.258,-0.336,0.822,-11.108,-9.460,-6.287
-0.235,-0.327,0.815,-10.681,-6.165,-8.118
-0.214,-0.324,0.812,-10.193,-2.380,-9.949
-0.205,-0.319,0.813,-9.094,1.892,-11.353
-0.204,-0.320,0.821,-7.935,7.141,-12.512
-0.208,-0.307,0.834,-6.958,12.085,-12.146
-0.219,-0.288,0.855,-5.005,14.648,-9.766
-0.249,-0.281,0.887,-3.113,14.832,-5.798
-0.275,-0.282,0.915,-3.296,13.611,-2.014
-0.289,-0.291,0.933,-5.249,13.306,-0.061
-0.291,-0.298,0.947,-8.484,13.855,-0.977
-0.284,-0.303,0.954,-12.024,14.465,-3.113
-0.278,-0.306,0.953,-14.893,14.343,-4.761
-0.274,-0.311,0.944,-16.785,13.550,-4.883
-0.275,-0.317,0.935,-17.700,11.902,-4.089
1.493,-0.955,0.379,-39.551,97.473,-82.458
1.600,-0.996,0.494,-63.293,85.388,-105.042
1.713,-1.006,0.561,-73.853,70.435,-124.451
1.856,-0.965,0.573,-65.735,55.176,-129.272
2.162,-0.886,0.526,-28.564,55.237,-112.061
2.404,-0.709,0.563,26.550,66.895,-74.524
2.331,-0.457,0.864,73.792,73.486,-31.189
1.865,-0.196,1.373,89.783,69.824,4.822
1.271,0.028,1.861,69.458,63.782,29.846
0.697,0.212,2.194,22.949,57.617,45.288
0.187,0.344,2.365,-33.936,46.753,50.110
-0.125,0.363,2.335,-87.341,34.607,42.664
-0.179,0.193,2.137,-126.221,21.301,26.123
-0.058,-0.111,1.818,-148.804,4.639,11.902
0.103,-0.472,1.451,-154.358,-15.991,7.385
0.313,-0.829,1.060,-146.484,-40.405,11.536
0.504,-1.091,0.670,-127.502,-72.327,21.912
0.579,-1.228,0.360,-94.299,-110.535,35.400
0.584,-1.277,0.167,-47.424,-143.250,45.593
0.586,-1.239,0.041,3.723,-162.781,49.988
0.598,-1.139,-0.016,50.903,-170.776,50.415
0.564,-0.999,0.019,84.473,-174.561,50.354
0.478,-0.832,0.163,99.487,-172.974,49.500
0.366,-0.628,0.351,97.473,-161.133,47.485
0.289,-0.449,0.530,85.205,-140.259,45.166
0.169,-0.286,0.700,68.054,-116.943,42.786
0.055,-0.221,0.836,48.401,-88.989,40.344
-0.029,-0.223,0.933,24.170,-61.096,35.339
-0.069,-0.274,0.995,-3.052,-36.926,28.259
-0.086,-0.355,1.021,-29.663,-19.348,19.958
-0.079,-0.441,1.024,-50.903,-7.202,11.658
-0.049,-0.502,1.006,-62.622,-0.671,4.578
-0.023,-0.545,0.990,-64.575,1.221,0.732
-0.014,-0.565,0.977,-59.570,-1.404,0.366
-0.018,-0.555,0.971,-50.903,-6.592,2.136
-0.018,-0.518,0.973,-41.626,-13.245,3.906
-0.015,-0.469,0.965,-34.851,-18.799,3.418
-0.018,-0.410,0.959,-30.762,-23.010,0.610
-0.014,-0.342,0.960,-27.405,-26.184,-1.831
0.001,-0.292,0.958,-25.757,-27.893,-2.686
0.032,-0.277,0.949,-25.085,-28.809,-2.075
0.066,-0.273,0.926,-23.376,-30.090,0.488
0.087,-0.275,0.898,-20.020,-32.349,4.089
0.086,-0.278,0.880,-15.503,-35.034,7.507
0.076,-0.278,0.873,-10.742,-36.255,10.437
0.052,-0.272,0.877,-6.836,-35.950,12.573
0.019,-0.278,0.896,-4.150,-34.607,13.672
-0.014,-0.296,0.916,-2.502,-32.471,13.489
-0.038,-0.311,0.929,-2.625,-30.151,11.658
-0.046,-0.315,0.932,-3.967,-28.687,9.399
-0.048,-0.309,0.922,-5.798,-27.649,6.897
-0.051,-0.305,0.902,-7.080,-27.649,4.333
-0.058,-0.300,0.880,-7.874,-28.381,2.625
-0.065,-0.293,0.864,-7.935,-28.320,2.441
-0.069,-0.286,0.850,-6.653,-27.771,3.052
-0.063,-0.280,0.837,-4.333,-27.222,3.784
-0.060,-0.275,0.827,0.000,-27.466,5.005
-0.063,-0.266,0.829,5.188,-28.931,6.653
-0.060,-0.253,0.836,10.254,-30.701,8.240
-0.044,-0.252,0.832,14.465,-31.555,9.460
-0.042,-0.246,0.840,17.273,-31.982,11.047
-0.048,-0.238,0.856,17.517,-31.799,12.817
-0.069,-0.240,0.876,16.357,-30.762,13.855
-0.100,-0.250,0.886,14.282,-29.175,14.465
-0.134,-0.252,0.897,11.719,-26.550,15.442
-0.159,-0.261,0.908,9.033,-23.865,15.381
-0.170,-0.273,0.911,7.080,-21.423,15.137
-0.171,-0.283,0.907,6.042,-19.958,15.015
-0.170,-0.293,0.903,6.042,-19.836,15.320
-0.174,-0.302,0.906,6.836,-20.020,15.625
-0.166,-0.308,0.906,8.057,-19.775,15.869
-0.147,-0.312,0.908,9.277,-19.775,16.235
-0.133,-0.307,0.911,10.376,-20.081,17.456
-0.135,-0.294,0.924,11.047,-20.691,18.982
-0.155,-0.284,0.949,10.559,-21.179,20.447
-0.184,-0.288,0.970,9.155,-20.874,21.851
-0.210,-0.309,0.987,6.104,-19.653,22.095
-0.224,-0.339,0.990,1.404,-17.700,20.630
-0.216,-0.368,0.982,-3.113,-15.991,17.395
-0.201,-0.391,0.973,-5.798,-15.320,13.550
-0.185,-0.398,0.961,-6.348,-16.052,10.254
-0.167,-0.399,0.960,-4.517,-17.578,8.606
-0.149,-0.393,0.958,-1.465,-20.203,8.606
-0.142,-0.387,0.961,1.831,-23.621,9.399
-0.135,-0.375,0.961,3.906,-25.940,10.620
-0.121,-0.359,0.961,3.906,-26.184,11.353
-0.115,-0.347,0.962,1.709,-25.635,11.536
-0.119,-0.344,0.962,-2.502,-23.865,11.047
-0.126,-0.348,0.958,-8.057,-20.935,9.827
-0.138,-0.360,0.947,-13.855,-17.395,7.751
-0.154,-0.380,0.934,-18.555,-13.245,4.883
-0.156,-0.396,0.915,-21.179,-9.521,1.099
-0.148,-0.411,0.906,-20.996,-7.263,-2.502
-0.133,-0.414,0.897,-18.555,-7.141,-4.700
-0.108,-0.411,0.888,-14.587,-8.423,-6.287
-0.081,-0.405,0.886,-9.888,-11.536,-6.836
-0.059,-0.397,0.887,-5.737,-15.564,-6.897
-0.044,-0.391,0.890,-2.747,-19.592,-6.042
-0.034,-0.382,0.897,-1.526,-22.461,-4.517
-0.022,-0.373,0.901,-2.930,-24.475,-3.723
-0.010,-0.366,0.901,-5.920,-25.269,-3.418
-0.007,-0.363,0.884,-9.644,-25.269,-4.272
-0.016,-0.369,0.859,-13.245,-24.780,-6.592
-0.030,-0.369,0.831,-17.151,-24.048,-10.559
-0.034,-0.355,0.797,-20.630,-22.461,-15.320
-0.039,-0.335,0.771,-22.461,-21.484,-19.287
-0.036,-0.317,0.755,-23.560,-21.790,-21.973
-0.025,-0.299,0.741,-24.353,-22.522,-23.132
-0.011,-0.277,0.727,-24.963,-23.804,-23.315
-0.018,-0.248,0.709,-26.306,-26.367,-22.766
-0.048,-0.225,0.711,-28.503,-29.175,-20.996
-0.076,-0.232,0.722,-32.166,-30.151,-18.677
-0.089,-0.250,0.723,-37.354,-28.870,-18.188
-0.095,-0.259,0.729,-44.067,-26.611,-20.630
-0.100,-0.276,0.735,-51.025,-24.536,-24.597
-0.116,-0.287,0.739,-56.458,-22.583,-28.931
-0.140,-0.266,0.736,-60.120,-20.996,-34.241
-0.177,-0.254,0.742,-60.730,-19.348,-39.001
-0.204,-0.246,0.770,-58.655,-16.663,-42.236
1.226,-0.791,1.222,93.567,56.335,5.188
1.282,-0.989,1.417,66.833,72.876,1.099
1.272,-1.113,1.570,60.181,90.149,0.793
1.114,-1.141,1.725,71.045,100.281,12.939
0.836,-1.105,1.884,87.524,98.083,33.081
0.514,-1.061,2.026,97.412,84.351,48.889
0.218,-1.000,2.120,93.872,63.538,52.612
0.008,-0.867,2.134,77.026,41.809,45.837
-0.112,-0.693,2.070,52.246,22.339,31.372
-0.148,-0.535,1.952,23.132,6.348,14.404
-0.136,-0.414,1.803,-5.066,-5.737,0.183
-0.081,-0.342,1.614,-28.870,-15.808,-7.690
-0.007,-0.354,1.421,-44.373,-26.245,-10.071
0.044,-0.435,1.239,-52.795,-36.804,-7.019
0.089,-0.550,1.059,-58.655,-46.082,-0.671
0.120,-0.652,0.897,-62.439,-53.101,8.423
0.122,-0.726,0.762,-63.843,-58.716,17.029
0.066,-0.781,0.656,-63.354,-64.697,22.949
-0.018,-0.818,0.595,-60.364,-69.519,27.161
-0.101,-0.829,0.564,-56.824,-73.059,28.625
-0.167,-0.828,0.552,-52.673,-74.951,26.489
-0.219,-0.811,0.555,-47.607,-74.951,23.071
-0.243,-0.777,0.575,-42.236,-74.707,19.104
-0.260,-0.716,0.594,-35.339,-73.120,14.038
-0.260,-0.665,0.616,-26.001,-67.810,10.071
-0.266,-0.622,0.624,-17.700,-61.646,6.287
-0.256,-0.587,0.629,-11.475,-54.260,4.211
-0.231,-0.565,0.636,-7.507,-45.715,4.150
-0.210,-0.556,0.647,-5.249,-36.011,4.944
-0.218,-0.561,0.668,-4.456,-25.513,6.531
-0.244,-0.570,0.696,-4.944,-15.320,8.301
-0.274,-0.594,0.726,-6.287,-5.615,8.728
-0.322,-0.601,0.756,-7.996,1.892,6.348
-0.367,-0.600,0.783,-10.071,8.972,0.305
-0.386,-0.583,0.808,-11.353,15.320,-6.042
-0.376,-0.561,0.833,-11.169,19.653,-10.742
-0.355,-0.532,0.856,-10.925,20.020,-13.550
-0.339,-0.505,0.879,-10.986,16.357,-13.428
-0.334,-0.478,0.891,-11.841,9.644,-11.108
-0.331,-0.446,0.897,-13.306,2.808,-8.728
-0.318,-0.420,0.890,-16.052,-2.136,-7.874
-0.303,-0.400,0.869,-19.348,-5.371,-8.057
-0.298,-0.392,0.843,-23.132,-7.751,-8.301
-0.301,-0.393,0.821,-26.550,-8.972,-8.301
-0.300,-0.399,0.802,-29.114,-9.216,-8.301
-0.290,-0.403,0.786,-29.846,-9.155,-7.812
-0.271,-0.402,0.777,-28.931,-8.606,-6.165
-0.267,-0.394,0.778,-27.039,-8.362,-3.845
-0.280,-0.383,0.785,-24.963,-8.301,-1.709
-0.296,-0.374,0.797,-23.499,-7.385,-0.061
-0.308,-0.370,0.809,-23.010,-5.493,0.427
-0.324,-0.367,0.815,-23.071,-3.601,-0.732
-0.342,-0.364,0.823,-23.071,-2.258,-2.136
-0.344,-0.357,0.829,-23.010,-0.854,-3.174
-0.333,-0.376,0.840,-22.156,0.671,-4.333
-0.318,-0.397,0.846,-20.752,1.221,-5.127
-0.310,-0.399,0.844,-19.043,0.366,-5.493
-0.312,-0.382,0.848,-16.968,-1.404,-5.432
-0.321,-0.369,0.858,-12.878,-3.113,-4.028
-0.338,-0.361,0.859,-8.789,-5.005,-1.831
-0.354,-0.337,0.864,-6.531,-6.592,0.916
-0.353,-0.313,0.869,-6.348,-7.568,2.869
-0.341,-0.299,0.871,-7.996,-7.385,3.296
-0.338,-0.291,0.874,-10.986,-6.714,3.052
-0.338,-0.294,0.877,-15.503,-5.127,2.075
-0.347,-0.307,0.873,-20.325,-3.479,-0.488
-0.358,-0.320,0.866,-23.437,-2.258,-3.174
-0.364,-0.333,0.862,-24.353,-1.282,-5.615
-0.357,-0.337,0.853,-22.766,-1.465,-6.775
-0.355,-0.338,0.845,-19.226,-2.991,-6.104
-0.366,-0.324,0.847,-14.404,-6.165,-4.456
-0.377,-0.303,0.855,-10.315,-10.010,-2.014
-0.385,-0.283,0.865,-7.874,-13.245,0.732
-0.392,-0.267,0.874,-6.775,-15.198,2.686
-0.389,-0.256,0.874,-8.423,-15.259,3.723
-0.378,-0.261,0.866,-11.475,-13.611,3.723
-0.359,-0.275,0.852,-15.747,-11.230,2.319
-0.343,-0.288,0.832,-19.470,-8.728,-0.122
-0.338,-0.297,0.814,-21.545,-6.348,-2.258
-0.342,-0.310,0.808,-21.729,-4.517,-3.418
-0.345,-0.311,0.805,-20.081,-3.479,-3.784
-0.349,-0.305,0.811,-16.479,-3.601,-3.357
-0.358,-0.301,0.821,-12.024,-4.944,-2.136
-0.363,-0.292,0.831,-7.751,-6.836,-0.244
-0.359,-0.274,0.842,-5.249,-8.911,1.831
-0.359,-0.259,0.844,-4.150,-10.925,3.540
-0.370,-0.241,0.841,-4.150,-12.390,4.456
-0.383,-0.225,0.837,-5.493,-12.451,4.578
-0.386,-0.227,0.832,-7.996,-10.742,3.662
-0.375,-0.244,0.826,-10.986,-8.118,1.892
-0.358,-0.265,0.820,-13.794,-5.371,-0.061
-0.341,-0.284,0.817,-15.503,-3.784,-1.770
-0.328,-0.305,0.817,-15.137,-3.052,-2.563
-0.309,-0.320,0.819,-13.672,-2.747,-2.563
-0.301,-0.324,0.815,-11.169,-2.808,-2.197
-0.313,-0.329,0.815,-8.606,-3.296,-1.709
-0.326,-0.340,0.832,-7.385,-3.357,-1.221
-0.325,-0.339,0.837,-8.118,-2.563,-1.648
-0.319,-0.343,0.843,-8.545,-1.953,-2.991
-0.330,-0.363,0.848,-9.460,-1.648,-5.188
-0.331,-0.368,0.849,-10.071,-0.488,-6.958
-0.319,-0.363,0.843,-10.437,0.977,-9.216
-0.304,-0.364,0.840,-10.742,1.404,-11.841
-0.277,-0.361,0.826,-11.230,1.221,-14.404
-0.234,-0.351,0.813,-10.559,0.427,-17.273
-0.212,-0.329,0.797,-8.972,-0.488,-19.653
-0.207,-0.293,0.784,-6.592,-1.892,-19.409
-0.202,-0.262,0.768,-4.150,-2.686,-18.005
-0.193,-0.243,0.747,-2.625,-3.357,-16.663
-0.183,-0.242,0.745,-3.296,-3.601,-14.648
-0.162,-0.231,0.752,-5.188,-2.563,-12.817
-0.127,-0.251,0.753,-7.141,-0.793,-12.756
-0.115,-0.262,0.749,-9.338,1.404,-12.939
-0.132,-0.262,0.761,-12.024,2.808,-13.184
-0.159,-0.259,0.767,-14.771,4.944,-14.160
-0.177,-0.259,0.763,-17.090,7.935,-15.442
-0.190,-0.257,0.750,-19.287,11.108,-16.724
-0.231,-0.241,0.733,-20.508,13.672,-18.127
-0.291,-0.210,0.736,-21.057,15.930,-18.677
